,ProofType,Algorithm,CoinName,PC 1,PC 2,PC 3,class
42,PoW/PoS,Scrypt,42 Coin,-0.32680714492757035,1.1355975472582696,-0.1619354310369317,0
404,PoW/PoS,Scrypt,404Coin,-0.30944244426101164,1.135817482035791,-0.16225591177548795,0
1337,PoW/PoS,X13,EliteCoin,2.4143980265763245,1.718243951097501,-0.20924572161042723,0
BTC,PoW,SHA-256,Bitcoin,-0.1453627049253487,-1.33721604586333,0.05713236814864289,1
ETH,PoW,Ethash,Ethereum,-0.13099693627101422,-2.102896969820515,0.11871075412500985,1
LTC,PoW,Scrypt,Litecoin,-0.16023420028456714,-1.0762082194382978,0.011918757844449084,1
DASH,PoW/PoS,X11,Dash,-0.3746851730534678,1.295646431252394,-0.1837377802643491,0
XMR,PoW,CryptoNight-V7,Monero,-0.14346397291256283,-2.2370269991484864,0.10761134717500265,1
ETC,PoW,Ethash,Ethereum Classic,-0.129376030290797,-2.102990507053123,0.11870109335514982,1
ZEC,PoW,Equihash,ZCash,-0.16294666757819423,-2.123428519821363,0.18103564340333123,1
BTS,PoS,SHA-512,Bitshares,-0.27192600235972036,0.9896408590527979,-0.0348457600714844,0
DGB,PoW,Multiple,DigiByte,0.1896708640493353,-1.8794587132787617,0.06763080572352069,1
BTCD,PoW/PoS,SHA-256,BitcoinDark,-0.31071775063400314,0.8745712212705994,-0.1167382741809895,0
XPY,PoS,SHA-256,PayCoin,-0.26337328745537514,0.5367663998405477,-0.040584144309299276,0
PRC,PoW,Scrypt,ProsperCoin,-0.1614283333304776,-1.0762045517589642,0.011937459765500416,1
KOBO,PoW/PoS,X15,KoboCoin,-0.23359058855957537,1.973113257004795,-0.1742479487783294,0
SPR,PoW,X11,Spreadcoin,-0.20952246427949053,-0.9161467525682885,-0.009862970147381302,1
ARG,PoW,Scrypt,Argentum,-0.1610292328826354,-1.0762213888302412,0.011933981288027007,1
AUR,PoW/PoS,Scrypt,Aurora Coin,-0.32645247329933286,1.1355978403178169,-0.16194123119693807,0
BLU,PoW/PoS,Scrypt,BlueCoin,-0.3187127458234531,1.1358764870474578,-0.16211614636548605,0
XMY,PoW,Multiple,MyriadCoin,-0.07423442511523395,-1.8750364189788333,0.07112263774668771,1
MOON,PoW,Scrypt,MoonCoin,2.670084409261997,-1.2517927587606137,-0.0027739807906545007,1
ZET,PoW,SHA-256,ZetaCoin,-0.14232564188618252,-1.3372172400275504,0.05708335885899969,1
SXC,PoW,Scrypt,SexCoin,-0.1581705678514489,-1.0762551981361437,0.01189365462713902,1
QTL,PoW,Scrypt,Quatloo,-0.16082551381377572,-1.0762399790735722,0.011933980638615999,1
ENRG,PoW/PoS,Scrypt,EnergyCoin,-0.325239500093316,1.1356515696395475,-0.16197043023603971,0
QRK,PoW,Quark,QuarkCoin,-0.22797509518314812,-0.6086263716283739,0.054407222601073474,1
RIC,PoW,Groestl,Riecoin,-0.2111430682637826,-1.2796949466495822,0.0947679601051398,1
DGC,PoW,Scrypt,Digitalcoin ,-0.16087546621662688,-1.076204825518822,0.011928548122012982,1
BTB,PoW/PoS,Scrypt,BitBar,-0.32680291620724783,1.1355973373109884,-0.16193546229173875,0
CAT,PoW,Scrypt,Catcoin,-0.16140984140951073,-1.07620391451191,0.01193704691540088,1
CBX,PoW/PoS,Scrypt,CryptoBullion,-0.3267865345730915,1.1355975461333965,-0.16193576486684727,0
CCN,PoW,Scrypt,CannaCoin,-0.1614998548665606,-1.0762014248091696,0.01193806366569248,1
CRYPT,PoW,X11,CryptCoin,-0.20961559021801635,-0.9161485389563789,-0.009861143663487342,1
CSC,PoC,Scrypt,CasinoCoin,0.6035264809567218,0.45214461948694945,-0.1447100987092254,0
DMD,PoW/PoS,Groestl,Diamond,-0.37746976784841874,0.932116189934403,-0.07909117315318703,0
XVG,PoW,Multiple,Verge,0.21451256448401915,-1.8754404531885065,0.06651469122779907,1
DVC,PoW,SHA-256,DevCoin,0.24826724568943756,-1.3385757899872912,0.05099429743552606,1
EAC,PoW,Scrypt,EarthCoin,0.09762600606672758,-1.0768663479521128,0.007856508492315699,1
EFL,PoW,Scrypt,E-Gulden,-0.1612354435597107,-1.0761979046162256,0.01193315331398651,1
EMC2,PoW,Scrypt,Einsteinium,-0.15665778925582413,-1.0762384891147274,0.011866170237134672,1
EMD,PoW,Scrypt,Emerald,-0.1611723344155029,-1.0762035552751423,0.011933133878361006,1
EXCL,PoS,PoS,Exclusive Coin,-0.32792891456447615,1.3765405706173088,-0.13118742853547097,0
FLT,PoS/PoW/PoT,Scrypt,FlutterCoin,-0.23061300172352084,0.4786559760508585,-0.1790087249870059,0
FRK,PoW,Scrypt,Franko,-0.1615592609323036,-1.0762021173440846,0.01193914942391853,1
FTC,PoW,NeoScrypt,FeatherCoin,-0.17791369785681535,-1.6311659440766357,0.06260731050355932,1
GDC,PoW,Scrypt,GrandCoin,-0.13991812651445426,-1.0764589810464815,0.011634024393319366,1
GLC,PoW,Scrypt,GlobalCoin,-0.16030389407793003,-1.076200661477503,0.011918545324036923,1
GLD,PoW,Scrypt,GoldCoin,-0.1605932388046177,-1.0762122301404058,0.01192528890650345,1
HBN,PoW/PoS,Scrypt,HoboNickels,-0.3247850924600323,1.1355818603306527,-0.16196541673887474,0
HYP,PoS,X11,HyperStake,-0.3063023530088915,0.9585755017460691,-0.10805493116695054,0
IFC,PoW,Scrypt,Infinite Coin,1.660518736468668,-1.0778570679658401,-0.01729719653715491,1
IOC,PoW/PoS,X11,IOCoin,-0.3745753713157005,1.295650215112063,-0.1837402316948112,0
IXC,PoW,SHA-256,IXcoin,-0.14532242331010548,-1.337214657725204,0.057131468822451514,1
KGC,PoW,Scrypt,KrugerCoin,-0.15777014640577114,-1.076252369709522,0.011886662809122595,1
LKY,PoW,Scrypt,LuckyCoin,-0.16126299783443931,-1.0761981427547678,0.01193364216836223,1
LTB,PoW,Scrypt,Litebar ,-0.1616326511452186,-1.0761976136173674,0.011939539140247354,1
MAX,PoW/PoS,SHA3,MaxCoin,-0.4242360792934884,2.0868615713122556,-0.24051152659893946,0
MEC,PoW,Scrypt,MegaCoin,-0.16086095017442043,-1.0761999387618875,0.011927445138437416,1
MED,PoW,HybridScryptHash256,MediterraneanCoin,-0.18249740537732728,-2.3525111360430917,0.2697895571251187,1
MINT,PoS,Scrypt,MintCoin,-0.008274579848206386,0.8071313361925366,-0.09183463893437559,0
MINC,PoW,Scrypt,MinCoin,-0.1615089936635659,-1.0761995059286875,0.011937871048467554,1
MZC,PoW/PoS,SHA-256,MazaCoin,-0.2724984505073804,0.8741829107186312,-0.11728873910442544,0
NAUT,PoS,Scrypt,Nautilus Coin,-0.2792035849305508,0.7977833856758254,-0.08578384182066734,0
NAV,PoW/PoS,X13,NavCoin,-0.27445124726656894,1.849078366255099,-0.18889964273229765,0
NOBL,PoW,Scrypt,NobleCoin,-0.020901456741171505,-1.0820180105958823,0.010692231604823165,1
NMC,PoW,SHA-256,Namecoin,-0.14540335087680945,-1.3372174465568016,0.05713327560899448,1
NYAN,PoW,Scrypt,NyanCoin,-0.15490780534282023,-1.0762046528301654,0.011831800261577,1
OPAL,PoW/PoS,X13,OpalCoin,-0.27510003261049554,1.8490560085698218,-0.18888515796923616,0
ORB,PoW/PoS,NeoScrypt,Orbitcoin,-0.3481312640301486,0.5806908179583606,-0.11119686547149929,0
POT,PoW/PoS,Scrypt,PotCoin,-0.32087333668721313,1.135503241265003,-0.16201485401402893,0
PXC,PoW/PoS,Scrypt,PhoenixCoin,-0.32514232550827127,1.1355852006867562,-0.16196022023869303,0
RDD,PoW/PoS,Scrypt,Reddcoin,0.046631633275956354,1.148466559745805,-0.1702728145402204,0
RPC,PoW,Scrypt,RonPaulCoin,-0.16148774802418245,-1.0762065992389749,0.011938786256255234,1
SBC,PoW,Scrypt,StableCoin,-0.15950462573461135,-1.0763011708859485,0.011923438765342291,1
SMC,PoW,Scrypt,SmartCoin,-0.16095308084860568,-1.0762096585860759,0.01193066420372898,1
SUPER,PoS,X11,SuperCoin,-0.3270383763819791,0.9578609210472082,-0.10759197930127577,0
SYNC,PoW/PoS,X11,SyncCoin,-0.3749624317430003,1.295652526880346,-0.1837343691430948,0
SYS,PoW,SHA-256,SysCoin,-0.13202142215257595,-1.3373730820669083,0.05694403185603257,1
TES,PoS,Multiple,TeslaCoin,-0.22660154348931963,-0.000892306043319402,-0.02606576893236735,0
TGC,PoW,SHA-256,TigerCoin,-0.1448446538723371,-1.3372166984298528,0.05712408802839576,1
TIT,PoS,PHI1612,TittieCoin,-0.28378266260468615,1.0634680256207019,-0.047160467740591225,0
TOR,PoW/PoS,X11,TorCoin,-0.3748704711007951,1.29564858258437,-0.18373515916433758,0
TRC,PoW,SHA-256,TerraCoin,-0.14514404644712822,-1.3372234502101612,0.05713013913877911,1
UNB,PoW,SHA-256,UnbreakableCoin,-0.1451269661073048,-1.3372498949897038,0.057134558023452756,1
UNO,PoW,SHA-256,Unobtanium,-0.1457415296555726,-1.337214338830642,0.05713820460606915,1
URO,PoW,X11,UroCoin,-0.20979660318530038,-0.9161419715281748,-0.009859376161500361,1
USDE,PoW/PoS,Scrypt,UnitaryStatus Dollar,-0.3010091260264002,1.1353483209071988,-0.1623092823553954,0
UTC,PoW/PoS,Scrypt,UltraCoin,-0.3254297878032944,1.1355738716861812,-0.16195354972055306,0
VIA,PoW,Scrypt,ViaCoin,-0.16119215521717603,-1.0761978356733528,0.011932439502837356,1
VRC,PoST,Scrypt,VeriCoin,-0.31164560122713414,0.47419796668430886,0.026086379537420108,0
VTC,PoW,Lyra2REv2,Vertcoin,-0.19262760696648262,-1.5000082104184354,0.07822530217727543,1
WDC,PoW,Scrypt,WorldCoin,-0.15817575191050928,-1.0762663472142644,0.011895718346038534,1
XC,PoW/PoS,X11,X11 Coin,-0.374833351581792,1.2956530630756151,-0.18373655634074657,0
XCR,PoS,Multiple,Crypti,-0.22708752234614107,-0.0008379128011422407,-0.026067551139795687,0
XJO,PoW,SHA-256,JouleCoin,-0.14491478974001593,-1.337217684046791,0.05712539972480812,1
XST,PoW/PoS,X13,StealthCoin,-0.27487153605154924,1.8490638827522452,-0.18889025937688608,0
ZCC,PoW/PoS,Scrypt,ZCC Coin,-0.31754763414014753,1.1352052329718185,-0.1620158370405793,0
BCN,PoW,CryptoNight,ByteCoin,4.0073771411007435,-2.351152965647578,0.07488212767502958,1
XDN,PoW,CryptoNight,DigitalNote ,0.46402700546673703,-2.349142798775182,0.13195185970353743,1
BURST,PoC,Shabal256,BurstCoin,-0.2698571717096423,0.6426745489672749,-0.20600216387320422,0
SJCX,PoS,Counterparty,StorjCoin,-0.33180420726744186,1.42702618685612,-0.08661336099349674,0
MONA,PoW,Scrypt,MonaCoin,-0.16001278163321278,-1.0762156140358266,0.011916482369626004,1
NTRN,PoW/PoS,SHA-256,Neutron,-0.30989659498803984,0.8745667943598547,-0.1167507964860382,0
FAIR,PoW/PoS,Groestl,FairCoin,-0.3768665478664087,0.9321400933522358,-0.07910519391377842,0
NLG,PoW,Scrypt,Gulden,-0.14398088219236235,-1.0767835185684365,0.011757495962684451,1
RBY,PoS,Scrypt,RubyCoin,-0.27918271990917115,0.7977956152315375,-0.0857863515356237,0
PTC,PoW,Scrypt,PesetaCoin,-0.15867790967942755,-1.076213198158833,0.011894419274124147,1
KORE,PoW/PoS,X13,Kore,-0.27517884796692305,1.849044755669179,-0.18888188248093882,0
WBB,PoW,Scrypt,Wild Beast Coin,-0.161634977143966,-1.0761986029485597,0.011939752509401831,1
NOTE,PoS,Scrypt,Dnotes,-0.27361710494347263,0.7976317085765154,-0.08584744850887392,0
FLO,PoW,Scrypt,Flo,-0.15853706967878398,-1.0762038016636404,0.01189046819471317,1
8BIT,PoW/PoS,Scrypt,8BIT Coin,-0.3267884475582241,1.1355981916151279,-0.16193584847917117,0
STV,PoW/PoS,X13,Sativa Coin,-0.2751289563474048,1.849047897785688,-0.1888832490029611,0
ABY,PoW,Scrypt,ArtByte,-0.14418654716665427,-1.07630685069261,0.011676188961975401,1
FLDC,PoW,Stanford Folding,Folding Coin,-0.17459741956321298,-2.249238191315745,0.1442903845032987,1
U,PoS,X11,Ucoin,-0.3275025692210927,0.957830696477986,-0.107579089313704,0
UIS,PoW,Multiple,Unitus,-0.10965959191149686,-1.8748343902424949,0.07166089585880148,1
CYP,PoW,QuBit,CypherPunkCoin,-0.13821369344262663,-1.563149254412339,0.02552868447459523,1
OMC,PoW,Scrypt,OmniCron,-0.16150264313263668,-1.0761945714214194,0.011936891923544536,1
VTR,PoW/PoS,Scrypt,Vtorrent,-0.32651183154579294,1.1355934959381786,-0.16193949776886385,0
GRE,PoW,Scrypt,GreenCoin,-0.029184211025273778,-1.0787464172412733,0.010245544265060141,1
XCN,PoW,M7 POW,Cryptonite,-0.1058157262202411,-2.246985919531954,0.05006208228979589,1
MSC,PoW,Scrypt,MasterCoin,-0.1616442147610024,-1.0761974924123772,0.01193970502851343,1
SOON,PoW,SHA-256,SoonCoin,-0.14543231561155695,-1.3372184447057722,0.05713392227483534,1
1CR,PoW,Scrypt,1Credit,0.5167824171031133,-1.1182671443078749,0.008414678072743677,1
ISL,PoW/PoS,X11,IslaCoin,-0.37494317166693364,1.2956531913100713,-0.1837347992693247,0
NXS,PoW/nPoS,SHA3,Nexus,-0.4491429117469147,2.25557143987776,-0.25737394934915553,0
MARS,PoW,X11,MarsCoin ,-0.2091581726563303,-0.9161434470368162,-0.009869461131281126,1
CTO,PoW,Lyra2RE,Crypto,-0.13361474646928473,-2.275715608188554,0.10104535123860921,1
ACP,PoW,SHA-256,Anarchists Prime,-0.14516163038902016,-1.3372324222879235,0.05713201725908637,1
DRZ,PoW/PoS,QUAIT,Droidz,-0.35834598533929596,2.0242653671594955,-0.24466690764897459,0
BSC,PoW,X11,BowsCoin,-0.20945503895606915,-0.9161451404400803,-0.009864349161651421,1
SQL,PoS/PoW,X11,Squall Coin,-0.24458279143031583,0.8351194766500675,-0.1215260539682861,0
SONG,PoW,Scrypt,Song Coin,-0.15969146025300554,-1.0762793239048531,0.011922587481639463,1
ZNY,PoW,Scrypt,BitZeny,-0.15884987126406622,-1.076278607499578,0.011908820735730479,1
DIGS,PoS,Scrypt,Diggits,-0.2775177209390097,0.7977818520080197,-0.08581089209757684,0
EXP,PoW,Ethash,Expanse,-0.13211031240945367,-2.102947364984872,0.11873774697158208,1
CON,PoW/PoS,X13,Paycon,-0.2746308568068939,1.8490366065202934,-0.18888931669607573,0
SC,PoW,Blake2b,Siacoin,0.38322342842223855,-2.2591082040465436,0.19017258077134727,1
EMC,PoW/PoS,SHA-256,Emercoin,-0.30297355757952893,0.8741423387440823,-0.11678762831355027,0
EGC,PoW/PoS,X15,EverGreenCoin,-0.23613068813976476,1.9732560062059488,-0.17423212913413474,0
MND,PoW,X11,MindCoin,-0.20949186144566315,-0.9161428523498613,-0.009864158671675703,1
I0C,PoW,SHA-256,I0coin,-0.1453235936308891,-1.337214698055437,0.05713149495099969,1
DCR,PoW/PoS,BLAKE256,Decred,-0.055942201282940474,0.9473113532128312,-0.15561647747090337,0
RVR,PoW,Scrypt,Revolution VR,-0.15743296347765864,-1.076201323480926,0.01187213402995033,1
HODL,PoW,1GB AES Pattern Search,HOdlcoin,-0.10082456838718362,-2.257473092239363,0.08602220839922098,1
EDRC,PoW/PoS,SHA-256,EDRCoin,-0.3106874222359446,0.8745722664125484,-0.11673895129193855,0
HTC,PoW/PoS,X11,Hitcoin,-0.039096597484755684,1.2883389476019937,-0.1878790624755611,0
GAME,PoW,Scrypt,Gamecredits,-0.1601476179628688,-1.07620523573912,0.011916824810005873,1
DBIC,PoW/PoS,SHA-256,DubaiCoin,-0.310753637285831,0.8745781657417585,-0.11673892567473891,0
DIEM,PoW,SHA-256,CarpeDiemCoin,0.2906697325919192,-1.3375601034410194,0.050126733399856176,1
PWR,PoW/PoS,NIST5,PWR Coin,-0.22833410727711723,1.5796443790053873,-0.18500308830633547,0
BLRY,PoW/PoS,Scrypt,BillaryCoin,-0.3263827928557485,1.1355822918137424,-0.16193959960832116,0
GPU,PoS,Scrypt,GPU Coin,-0.2773832775271456,0.7977003676171385,-0.08579860211820968,0
ADZ,PoW,X11,Adzcoin,-0.20861789764551003,-0.9161611103530295,-0.009875080895415264,1
SOIL,PoW,Dagger,SoilCoin,-0.16933627039007595,-2.3170615934364855,0.17586180377323002,1
YOC,PoW,Scrypt,YoCoin,-0.16040708931015532,-1.076274185258194,0.01193327314897148,1
SIB,PoW,X11GOST,SibCoin,-0.13305439395412585,-2.242468839854837,0.1007232749818799,1
ERC,PoW/PoS,X11,EuropeCoin,-0.37199813916054886,1.2954815001495217,-0.1837520424961324,0
ZEIT,PoS,Scrypt,ZeitCoin,0.9214903867806232,0.7687427391221225,-0.10008670909573167,0
SWING,PoW/PoS,SHA-256,SwingCoin,-0.3105456732296347,0.8745643459154279,-0.11673984218785402,0
SAFEX,PoC,Scrypt,SafeExchangeCoin,-0.15779768303361974,0.45283721415473305,-0.13249438665121518,0
NEBU,PoS,PoS,Nebuchadnezzar,-0.32759900778651385,1.3765377113846844,-0.13119226759327343,0
FRN,PoW,Scrypt,Francs,-0.16142548497338358,-1.0762037421973993,0.011937269851586038,1
ADNT,PoW,ScryptOG,Aiden,-0.09410084238825657,-2.1642444835396173,0.1248147233573887,1
BOLI,PoW,X11,BolivarCoin,-0.20945369080012777,-0.9161479396006924,-0.009863873974242215,1
XRA,PoW/PoS,X11,Ratecoin,-0.3726953404245253,1.2956772980938034,-0.18377551016732135,0
REV,PoW/PoS,SHA-256,Revenu,-0.309238728081859,0.8744793928959611,-0.11674593889809533,0
CKC,PoW/PoS,SHA-256,Clockcoin,-0.30681262235248186,0.8743479586420306,-0.11676192021122163,0
VIP,PoW/PoS,NIST5,VIP Tokens,-0.3548778881099484,1.5752195481069915,-0.18216650652738078,0
BSD,PoW/PoS,X11,BitSend,-0.37362675778610466,1.295599670765861,-0.18374663078909995,0
OMNI,PoW,Scrypt,Omni,-0.1616442757031152,-1.0761974923569364,0.011939706006350893,1
LIR,PoS,POS 3.0,Let it Ride,-0.34236063375880244,1.3650026733648566,-0.050724165320176186,0
PUT,PoW/PoS,Scrypt,PutinCoin,-0.3017008502408689,1.1350399215932803,-0.16224331031030584,0
IBANK,PoW/PoS,Scrypt,iBankCoin,-0.3264225583808762,1.1355792615162135,-0.16193841705404302,0
FRWC,PoW/PoS,Scrypt,Frankywillcoin,-0.3247958549210289,1.135595717543214,-0.16196770288797954,0
MUDRA,PoS,X13,MudraCoin,-0.22647641116913267,1.5111462286975463,-0.11273312217841301,0
PIZZA,PoW,X11,PizzaCoin,-0.20961007175052268,-0.916153328618963,-0.009860382617609392,1
LC,PoS,X11,Lutetium Coin,-0.3144701392357234,0.9578266400527681,-0.10778958413007023,0
KMD,dPoW/PoW,Equihash,Komodo,-0.27061792875511637,-1.6889024470144127,0.27116716084627784,1
GB,PoW/PoS,X11,GoldBlocks,-0.3743954761393197,1.2956364951158679,-0.18374071102527995,0
CTC,PoW/PoS,Scrypt,CarterCoin,-0.32559358916124226,1.1355753410024447,-0.16195115591186401,0
KRB,PoW,CryptoNight,Karbo,0.3024770000926894,-2.347603013067691,0.13429666797516673,1
BXT,PoW/PoS,SHA-256,BitTokens,-0.31073395831340955,0.8745713741452175,-0.11673803865037692,0
ZYD,PoW,SHA-256,ZayedCoin,-0.14559459846044495,-1.337216023844752,0.05713612251086383,1
MST,PoW/PoS,X11,MustangCoin,-0.37493195377840727,1.2956514436734923,-0.18373467075485853,0
ZNE,PoW/PoS,Scrypt,ZoneCoin,-0.32661939429328896,1.1355890778311892,-0.16193697000445983,0
COVAL,PoW,Multiple,Circuits of Value,-0.08890126943906512,-1.874972726855837,0.07134903203416347,1
ROOT,PoW/PoS,Scrypt,RootCoin,-0.32678243433570126,1.1355983988358023,-0.1619359827302053,0
DOPE,PoW,Scrypt,DopeCoin,-0.1586933665092396,-1.0762376439749948,0.01189901053628965,1
BTCR,PoS,Scrypt,BitCurrency,-0.27736856578144825,0.7978581324992463,-0.08582685428887292,0
DLC,PoW,SHA-256,DollarCoin,-0.14555147566365245,-1.3372151796962546,0.05713527373223842,1
SCN,PoW/PoW,Scrypt,Swiscoin,-0.22881479136356514,0.3906926820671903,-0.043678161902348064,0
SH,PoW,Scrypt,Shilling,-0.1612938016436612,-1.0762063183277637,0.011935593109077994,1
BUZZ,PoW/PoS,SHA-256D,BuzzCoin,0.04218187830513969,1.9924515415044588,-0.2591142750960894,0
XPO,PoS,PoS,Opair,-0.32651248007616784,1.3765367381787204,-0.13120970401485313,0
PSB,PoW/PoS,Scrypt,PesoBit,-0.32638011080962076,1.1356122632408168,-0.16194496499375965,0
HALLO,PoW/PoS,X11,Halloween Coin,-0.3605293370571984,1.2950827969021141,-0.1838671197665952,0
XZC,PoW,Lyra2Z,ZCoin,-0.08416572200270668,-1.9162848933850154,0.08174592605010837,1
CFC,PoS,PoS,CoffeeCoin,-0.32581185220853415,1.376585070236401,-0.13122964115905603,0
ROYAL,PoS,X13,RoyalCoin,-0.2279646844648235,1.5112354439151412,-0.11272484352672735,0
GNJ,PoW/PoS,X14,GanjaCoin V2,-0.41311130757429604,1.986114734106797,-0.19109884136822433,0
TEAM,PoS,PoS,TeamUP,-0.3255546091526571,1.376408258322252,-0.13120241441619476,0
LANA,PoW/PoS,SHA-256D,LanaCoin,-0.2855609927180535,1.990045539754227,-0.2533753588758928,0
ELE,PoW,Ethash,Elementrem,-0.13184161104708356,-2.1029447207655525,0.11873292263490352,1
ZCL,PoW,Equihash,ZClassic,-0.16296920858003497,-2.123429296603128,0.18103614665309375,1
ARK,DPoS,DPoS,ARK,3.8478327477227867,1.821571760680693,-0.6533163490406303,0
INSANE,PoW/PoS,X11,InsaneCoin,-0.37450756289680526,1.2956468606084741,-0.18374073501103444,0
KLC,PoW,Scrypt,KiloCoin,-0.08541285895840167,-1.0806841034510701,0.011500903453108913,1
ATX,PoW,X11,ArtexCoin,-0.19562822752742415,-0.9160094198586209,-0.010112538124297472,1
EMB,PoW/PoS,X13,EmberCoin,0.9053809773970464,1.8891316768706994,-0.2151331699491782,0
XEN,PoW/PoS,X11,XenixCoin,-0.37488495250170095,1.295652456316013,-0.18373561231043745,0
FRE,PoS,PoS,FreeCoin,-0.32699562053113074,1.3765371624699374,-0.13120194915265396,0
PLNC,PoW/PoS,Scrypt,PLNCoin,-0.32630524197423144,1.135587425742546,-0.161941768079737,0
ARCO,PoW/PoS,Scrypt,AquariusCoin,-0.32646621994674374,1.1355794168464488,-0.16193773701747005,0
KURT,PoW,X11,Kurrent,-0.20734893558597778,-0.9162198231506585,-0.00988522139930803,1
XCRE,PoS,PoS,Creatio,-0.32759900778651385,1.3765377113846844,-0.13119226759327343,0
ENT,PoW/PoS,X11,Eternity,-0.37444267796665576,1.2956277544534598,-0.18373839398288014,0
EUC,PoW/PoS,SHA-256,Eurocoin,-0.31059074825981126,0.8745770206881731,-0.11674136227551901,0
BCF,PoW/PoS,Scrypt,BitcoinFast,-0.32630591285214333,1.1355913438061147,-0.16194245292326187,0
XSN,TPoS,X11,Stakenet,-0.35989040755659035,0.7420622774326552,-0.2009217508653965,0
BCCOIN,PoW/PoS,Scrypt,BitConnect Coin,-0.3264595119524829,1.135589607676713,-0.1619396552820095,0
MONEY,PoW/PoS,Scrypt,MoneyCoin,-0.3218699340036426,1.135304805176473,-0.1619634666973907,0
XNG,PoW/PoS,X11,Enigma,-0.374915204727991,1.2956505980501747,-0.18373479205052923,0
XCI,PoW,CryptoNight,Cannabis Industry Coin,0.30247093115004997,-2.347611047661307,0.13429819300753237,1
RC,PoW/PoS,Scrypt,Russiacoin,-0.32563852063769577,1.1355353767671061,-0.16194333140794956,0
PND,PoS,Scrypt,PandaCoin,0.3909781082128146,0.7977586496685101,-0.09664100753064521,0
UNITS,PoW/PoS,Scrypt,GameUnits,-0.32666703865631624,1.1355931272049977,-0.16193691687037204,0
GAKH,PoW/PoS,Scrypt,GAKHcoin,-0.3267404556115019,1.1355974865895242,-0.16193650109031402,0
ASAFE2,PoS,Quark,Allsafe,-0.35073068519076284,1.2653515561238324,-0.043231585827455545,0
LTCR,PoW/PoS,QuBit,LiteCreed,-0.3024788345196993,0.6486201994115166,-0.14835645876965745,0
OS76,PoW,Scrypt,OsmiumCoin,-0.1616252696120328,-1.0761983298031699,0.011939546679104664,1
BIC,PoW,CryptoNight,Bikercoins,0.30260716431198387,-2.3476091985718615,0.13429565675614988,1
HXX,PoW,Lyra2RE,HexxCoin,-0.134177317031372,-2.275695306206245,0.10105086380580262,1
KED,PoW/PoS,Scrypt,Klingon Empire Darsek,-0.3228146980295782,1.1353794279464906,-0.16196140551013224,0
IOP,PoW/PoS,SHA-256,Internet of People,-0.31070936457525505,0.8745722216659919,-0.1167385877294727,0
KUSH,PoW/PoS,X11,KushCoin,-0.3748213857926734,1.2956507336726184,-0.18373633664526234,0
PRX,PoW/PoS,Scrypt,Printerium,-0.3265090671968989,1.1355935911999526,-0.1619395594856385,0
PAC,PoW,X11,PacCoin,0.5344609815392445,-0.9616347128444367,-0.013843492236868064,1
IMPCH,PoW/PoS,Scrypt,Impeach,-0.3266414764665992,1.1355876528834632,-0.16193635909839438,0
CTL,PoW,CryptoNight-V7,Citadel,-0.14217910726530864,-2.2371143314919135,0.10760603079264168,1
ZBC,PoS,Scrypt,Zilbercoin,-0.2790861939149288,0.7977598143340864,-0.0857815588855855,0
FRST,PoW/PoS ,Scrypt,FirstCoin,-0.2880930880157123,0.25625296887396787,-0.01419702697001991,0
BVC,PoW,Scrypt,BeaverCoin,-0.16159221255896516,-1.076197649993526,0.011938890215891385,1
FIND,PoS,X13,FindCoin,-0.2277228322210729,1.5112352238967992,-0.1127287241304993,0
VLTC,PoW,X11,VaultCoin,-0.20205058815171575,-0.9165864421733286,-0.009905991896862908,1
ZER,PoW,Equihash,Zero,-0.1629820424931676,-2.1234268932513105,0.18103592789637177,1
CHAT,PoW/PoS,Scrypt,OpenChat,-0.30669423725952827,1.1355792501007749,-0.16225814966939858,0
CDN,PoW,Scrypt,Canada eCoin,-0.15964737817019492,-1.0761993795344802,0.011907677615881162,1
ZOI,PoW,Lyra2RE,Zoin,-0.1338838522205997,-2.275693018617047,0.10104570145626976,1
RNS,PoS,Scrypt,RenosCoin,-0.27881590957447366,0.7977837646997848,-0.08579019213270356,0
DBIX,PoW,Dagger-Hashimoto,DubaiCoin,-0.12242499477614587,-2.209435610173644,0.05206676543590228,1
XVP,PoW/PoS,X11,VirtacoinPlus,-0.3740573467682878,1.2956125770967306,-0.18374194401320745,0
TAJ,PoW/PoS,Blake2S,TajCoin,-0.36369096182905053,2.048315000668263,-0.17963900162105598,0
IMX,PoW/PoS,X11,Impact,-0.37274200392641743,1.2956507908625863,-0.18377004710418288,0
EB3,PoW,Scrypt,EB3coin,-0.13134287845950618,-1.077998461527346,0.011768406306421808,1
ATMOS,PoS,PoS,Atmos,-0.32577223829243884,1.3765364306278949,-0.1312216464180277,0
HPC,PoW/PoS,X11,HappyCoin,-0.3739508703951936,1.2956162463615517,-0.18374432120167278,0
CXT,PoW,NIST5,Coinonat,-0.19096936459903327,-0.6365885790683236,-0.008268716536010788,1
MCRN,PoS,PoS,MacronCoin,-0.31993799591735983,1.3765313824342968,-0.13131530492696186,0
RAIN,PoW/PoS,X11,Condensate,-0.3697254458160128,1.295477296105351,-0.18378812928013327,0
IMS,PoW/PoS,Scrypt,Independent Money System,-0.3265823280723281,1.1355902042602497,-0.16193777074839166,0
ARGUS,PoW/PoS,Scrypt,ArgusCoin,-0.3265816120359441,1.1355849731628933,-0.16193685348608775,0
LMC,PoW/PoS,Scrypt,LomoCoin,-0.3194264507454848,1.135140487381079,-0.16197389063470152,0
PROC,PoS,SHA-256,ProCurrency,0.29073697035964213,0.50251503520747,-0.0434826549906666,0
XGR,PoW/PoS,X11,GoldReserve,-0.37444874201021233,1.2956417735774128,-0.18374078502871818,0
BENJI,PoW,Scrypt,BenjiRolls,-0.1611364464981096,-1.0762048229769614,0.011932777348215,1
GRW,PoS,Scrypt,GrowthCoin,-0.26102075275063996,0.7969986822052224,-0.08593919194560612,0
ILC,PoW,SHA-256,ILCoin,-0.1105238826215209,-1.3377790434193413,0.056667708781384725,1
PHR,PoS,PoS,Phreak,-0.32763494084828054,1.3765293590533578,-0.13119020213701207,0
DEA,PoW/PoS,Scrypt,Degas Coin,-0.3257607611868505,1.1355589090427292,-0.1619455288103678,0
HTML5,PoW/PoS,X15,HTML5 Coin,0.9451306298338131,1.9499555353378293,-0.189239315834169,0
USC,PoS,SHA-256,Ultimate Secure Cash,-0.2620110274269998,0.5366798961599093,-0.04059086215618743,0
EQT,PoW,Scrypt,EquiTrader,-0.1609515429927018,-1.0762244028100783,0.011933257358363572,1
QTUM,PoS,POS 3.0,QTUM,-0.341087962291713,1.3649992222683707,-0.050744178562265096,0
QRL,PoW,CryptoNight-V7,Quantum Resistant Ledger,-0.1420293658811007,-2.2370522588947903,0.10759258194476772,1
ESP,PoW/PoS,536,Espers,0.6190415119093952,1.980944713646231,-0.2103127155137703,0
DYN,PoW,Argon2d,Dynamic,-0.1753914633551079,-2.297950501500405,0.17297930602197686,1
NANO,PoW,Blake2b,Nano,-0.03419521423672905,-2.2737348779051074,0.19953484247181208,1
CHAN,PoW,Cloverhash,ChanCoin,-0.1192798808235434,-2.294506336144509,0.017982516974290926,1
DCY,PoW,CryptoNight,Dinastycoin,0.3401023085834135,-2.3477221090341387,0.13370802634666054,1
DNR,PoW/PoS,NIST5,Denarius,-0.35647773654029846,1.5752213283766086,-0.18214089408301726,0
DP,PoW,X11,DigitalPrice,-0.2086269292883815,-0.9161728040677634,-0.009872858110013259,1
VUC,PoW/PoS,NIST5,Virta Unique Coin,-0.3549179053717383,1.575196826934755,-0.18216182345588444,0
BTPL,PoW/PoS,Skein,Bitcoin Planet,-0.4106593884000647,1.9521386156760916,-0.2235352212815175,0
UNIFY,PoW,Scrypt,Unify,-0.16128352965748,-1.0761983358106015,0.011934009205493899,1
BRIT,PoW/PoS,X13,BritCoin,-0.274800948089604,1.8490449731284733,-0.18888804567445622,0
SOCC,PoW,Scrypt,SocialCoin,-0.1610377697055723,-1.0762295084690756,0.011935561418218112,1
ARC,PoW,X11,ArcticCoin,-0.20903778024525702,-0.9161585061432441,-0.009868738326285558,1
DAS,PoW,X11,DAS,-0.20963919599684713,-0.9161499926955677,-0.009860502952125682,1
LINDA,PoW/PoS,Scrypt,Linda,0.15712874253521783,1.1167041425877178,-0.16642369109229052,0
XLC,PoW,CryptoNight,LeviarCoin,0.3028822250180604,-2.347620350489151,0.13429317908435803,1
ONION,PoW/PoS,X13,DeepOnion,-0.2748745500721404,1.8490503346252254,-0.18888780483712214,0
BTX,PoW,Time Travel,Bitcore,-0.13188697137980604,-2.2172084374417205,0.06370187322406244,1
GCN,PoW,Scrypt,gCn Coin,3.390299329593149,-1.0960750677081146,-0.04209664834903287,1
SMART,PoW,Keccak,SmartCash,-0.1321485485406872,-1.2701218417469728,0.018621561952384638,1
SIGT,PoS,SkunkHash v2 Raptor,Signatum,-0.33978724125741366,1.393249058917467,-0.03722556279125934,0
ONX,PoW,X11,Onix,-0.2001400582368609,-0.916591744195251,-0.009936014175675831,1
CRM,PoW/PoS,Skein,Cream,-0.4101431262447892,1.9521564065015098,-0.2235467473356534,0
BCH,PoW,SHA-256,Bitcoin Cash,-0.1453618334197053,-1.3372160158305244,0.05713234869143281,1
XMCC,PoW/PoS,X11,Monoeci,-0.3747322298061648,1.2956536970247148,-0.18373830777783667,0
DFT,PoS,Scrypt,Draftcoin,-0.27916291112070657,0.7977839152244328,-0.08578459504647754,0
VET,Proof of Authority,VeChainThor Authority,Vechain,4.519703344190003,2.492050304579673,14.253096508651243,3
SOJ,PoW,Scrypt,Sojourn Coin,-0.08422007310458972,-1.080998701452575,0.011537434137737097,1
STCN,PoS,PoS,Stakecoin,-0.32749605341845894,1.3765116648635638,-0.1311893111764527,0
NYC,PoW,Scrypt,NewYorkCoin,1.660045625951615,-1.0134200970352298,-0.02873136858717721,1
FRAZ,PoW,Scrypt,FrazCoin,-0.16138557200834164,-1.076202366763261,0.011936378755868442,1
KRONE,PoW,Scrypt,Kronecoin,-0.16081489487200443,-1.0762282306591917,0.011931722415224055,1
ACC,PoW,Scrypt,AdCoin,-0.16050336860574255,-1.0762288776804192,0.011926788433900885,1
LINX,PoW,Scrypt,Linx,-0.16048974093438323,-1.0762284080594726,0.0119264841828993,1
XCXT,PoW/PoS,Scrypt,CoinonatX,-0.32620241314774734,1.1355840601464626,-0.16194283699804363,0
ETHD,PoW/PoS,Scrypt,Ethereum Dark,-0.32672267155655305,1.1355974704109755,-0.16193678644169085,0
SUMO,PoW,CryptoNight,Sumokoin,0.3030730734227483,-2.3476385938159203,0.13429332542760966,1
ODN,PoS,SHA-512,Obsidian,-0.33240910203389185,0.9900530094762695,-0.03393870145673941,0
ADA,PoS,Ouroboros,Cardano,0.7331848388181139,1.396393766075307,-0.03595009653892381,0
REC,PoW/PoS,X11,Regalcoin,-0.37467083460619877,1.2956433683432826,-0.1837374687762384,0
BTCZ,PoW,Equihash,BitcoinZ,0.05805306492803721,-2.130737245564455,0.17875171000995144,1
TZC,PoW/PoS,NeoScrypt,TrezarCoin,-0.3429238066543429,0.5805883913693101,-0.11126307461847099,0
ELM,PoW,X11,Elements,-0.1621076456069943,-0.9157790988231191,-0.010696699631415882,1
TER,PoW/PoS,Scrypt,TerraNovaCoin,-0.32667659170369584,1.1355908534927885,-0.16193635831037934,0
VIVO,PoW,NeoScrypt,VIVO Coin,-0.18279744450061486,-1.6311144179857122,0.06267731152496658,1
RUP,PoS,Lyra2REv2,Rupee,-0.31128855876576106,0.3739884603638889,-0.019483195716050356,0
BTG,PoW,Equihash,Bitcoin Gold,-0.1628215835506867,-2.1234242093212163,0.18103285078090453,1
WOMEN,PoW/PoS,Scrypt,WomenCoin,0.4748559988152848,1.1454384093844727,-0.17667530011965765,0
MAY,PoW/PoS,SHA-256,Theresa May Coin,-0.3089863747663942,0.874575396356012,-0.11676707574631116,0
NAMO,PoW/PoS,NIST5,NamoCoin,-0.34061464543013065,1.5749214120465362,-0.18234473032780446,0
LUX,PoW/PoS,PHI1612,LUXCoin,-0.36813962271830764,1.4015976705607929,-0.12277241804580093,0
PIRL,PoW,Dagger,Pirl,-0.1680445334528607,-2.3171069343175468,0.17584891975667624,1
XIOS,PoW/PoS,Scrypt,Xios,-0.3266249009533292,1.1355888880670808,-0.16193684706292485,0
BTDX,PoW/PoS,Quark,Bitcloud 2.0,-0.3963873288017586,1.6030896896849682,-0.11940122847418805,0
EBST,PoW,Scrypt,eBoost,-0.1596455107808674,-1.0761993151826832,0.011907635924600368,1
KEK,PoS,POS 2.0,KekCoin,-0.33278954679357553,1.3760510123421459,0.17083111399935064,0
BLHC,PoW/PoS,Scrypt,BlackholeCoin,-0.326489656574255,1.1355979677517007,-0.1619406511998309,0
XIN,PoS,SHA-256,Infinity Economics,-0.08260209360581872,0.5366021756652523,-0.04348472166495273,0
PURA,PoW,X11,Pura,-0.20499896687249652,-0.9162256326498097,-0.00992227550153857,1
INN,PoW,NeoScrypt,Innova,-0.1826365633951708,-1.6311216791747036,0.06267599348635217,1
ELLA,PoW,Ethash,Ellaism,-0.1301413714126295,-2.103066679683809,0.11872702284943715,1
GBX,PoW,NeoScrypt,GoByte,-0.18274082093597652,-1.631115881433374,0.06267665369243963,1
ALQO,PoW/PoS,Quark,Alqo,-0.39699515345387104,1.6031698488872697,-0.11940561110903727,0
MAG,PoW/PoS,X11,Magnet,-0.37341395524246174,1.2956034470954072,-0.18375075020473708,0
TAU,DPoS,DPoS,Lamden Tau,3.8528896442112535,1.8214792487614744,-0.6533818785765709,0
ECA,PoW/PoS,NIST5,Electra,0.22639008050131007,1.573972410678981,-0.19136560028495309,0
BCD,PoW/PoS,X13,Bitcoin Diamond,-0.27140653143916615,1.8490338946999993,-0.18894109144014706,0
XSH,PoW,Multiple,SHIELD,-0.09948542341496364,-1.874953307058221,0.07151711990303933,1
CNBC,PoW/PoS,Scrypt,Cash & Back Coin,-0.32384484795623447,1.1355502355103766,-0.1619750396690594,0
XUN,PoW,CryptoNight,UltraNote,1.1747443758141376,-2.378006243961107,0.12555852211964622,1
COAL,PoW,CryptoNight,BitCoal,0.30245311282274623,-2.3476056147549755,0.13429751708561094,1
DAXX,PoW,Ethash,DaxxCoin,-0.051990000243618155,-2.1072883727441516,0.11821006327820703,1
BWK,PoS,NIST5,Bulwark,-0.3089533453214213,1.2374033457381606,-0.10598734329634331,0
BOXY,PoW,Scrypt,BoxyCoin,-0.16084584818394138,-1.0762406798129656,0.011934434623183667,1
KLKS,PoS,Quark,Kalkulus,-0.3506118026659986,1.2653520958910198,-0.04323360838743282,0
AC3,PoW,X11,AC3,-0.20473298879795326,-0.9163587477826622,-0.009902949405419907,1
LTHN,PoW,CryptoNight-V7,Lethean,-0.13069168620945504,-2.237297891418398,0.10745244954616351,1
GER,PoW/PoS,Scrypt,GermanCoin,0.10447469374218543,1.1148896400523274,-0.1652481383025647,0
LTCU,PoW/PoS,Scrypt,LiteCoin Ultra,-0.32559374565858984,1.1355326513215247,-0.1619435731234041,0
POP,PoW,Scrypt,PopularCoin,-0.07428673984074839,-1.076743664094277,0.010620894159905858,1
PNX,PoW/PoS,X11,PhantomX,-0.37401828235805185,1.29564949352887,-0.18374913224286904,0
PHO,PoW,BLAKE256,Photon,1.1559104610989748,-1.2924249350136163,0.0062565042787941895,1
SUCR,PoW,X11,Sucre,-0.20961209897158367,-0.9161496991737449,-0.009860994230120258,1
ACCO,PoW/PoS,Scrypt,Accolade,-0.32636742579708367,1.1355771301370434,-0.1619389321202335,0
OMGC,PoW/PoS,Scrypt,OmiseGO Classic,-0.3256548645431641,1.1355874574975264,-0.16195231431093832,0
SPK,PoW,NeoScrypt,SparksPay,-0.18279479400253737,-1.6311100582185432,0.06267649442057173,1
GOA,PoW,NeoScrypt,GoaCoin,-0.18276291458432933,-1.631116785079924,0.06267717221891696,1
WAGE,PoS,Quark,Digiwage,-0.34974260327373846,1.2653109087488312,-0.04324038195073563,0
GUN,PoW,NeoScrypt,GunCoin,-0.1755434559097875,-1.631200933944735,0.06257510928784871,1
IRL,PoW,Scrypt,IrishCoin,-0.16060532782929288,-1.0762067807077573,0.011924517195911347,1
TROLL,PoW/PoS,Scrypt,Trollcoin,-0.31264146041172475,1.1354454442994313,-0.16213800429264347,0
LCP,PoW/PoS,Scrypt,Litecoin Plus,-0.32674574486423846,1.1355968175664655,-0.1619362965719972,0
MONK,PoS,X11,Monkey Project,-0.32747331714375216,0.9578309931242246,-0.10757961607317242,0
ECC,PoS,Scrypt,ECC,0.2232937010291739,0.7973262527672017,-0.09384658638350402,0
PCOIN,PoW,X11,Pioneer Coin,-0.2095343740778321,-0.9161492972042894,-0.009862325284838354,1
UBTC,PoW,SHA-256,UnitedBitcoin,-0.14534033565542498,-1.3372146816879955,0.05713176338076777,1
ITZ,PoW,C11,Interzone,-0.1767463500899109,-1.2560595931030154,0.03521610832325493,1
TPAY,PoS,POS 3.0,TokenPay,-0.3426544436999946,1.364998595369469,-0.050718679461207616,0
MCT,PoS,Ethash,1717 Masonic Commemorative Token,-0.25020847483076436,-0.22896310808252768,0.021022332302959194,1
CWIS,PoW,Scrypt,Crypto Wisdom Coin,-0.16125510222439454,-1.0762007162846374,0.011933971177497985,1
MBC,PoW and PoS,Scrypt,My Big Coin,-0.24669746669337456,0.4492096355728668,-0.07658273236624126,0
TRTL,PoW,CryptoNight,TurtleCoin,8.353555535206837,-2.7815538009056273,0.08086883037322275,1
MUN,PoW,SkunkHash,MUNcoin,-0.18122011765755264,-2.171032850363424,0.2738408346397869,1
USX,PoW/PoS,Scrypt,Unified Society USDEX,-0.3221046936050698,1.1355945517783683,-0.16201111123075887,0
NBR,PoW,CryptoNight,Niobio Cash,0.3064874934029753,-2.3476967260800166,0.13424831064952272,1
BSR,PoS,X11,BitSoar Coin,-0.2514527317441825,0.9576342744474022,-0.10877674237617717,0
SSS,PoW,Scrypt,ShareChain,0.039472410862442575,-1.076380452660348,0.008712718485403222,1
CRDNC,PoW/PoS,SHA-256,Credence Coin,-0.310668390732463,0.8745707880396724,-0.11673899722401662,0
TRF,PoW,Dagger,Travelflex,-0.16752553181364857,-2.317048992207402,0.175830219785737,1
KREDS,PoW,Lyra2REv2,KREDS,-0.17758612522527573,-1.50021265565927,0.07801782920573418,1
TOKC,PoS,X13,Tokyo Coin,-0.2191818267221133,1.510970763296294,-0.11282018791742192,0
BBP,POBh,Proof-of-BibleHash,BiblePay,-0.19939206666942025,2.951558910480002,-10.588125371827832,0
LCC,PoW + Hive,SHA-256 + Hive,LitecoinCash,-0.43024063870688933,2.921937804292965,18.440339386212038,3
FLIP,PoW,Scrypt,BitFlip,-0.16120315556078418,-1.076210308635958,0.011934832562971037,1
LOT,PoW,Scrypt,LottoCoin,0.15867737760998235,-1.0782533156580694,0.007113334736924844,1
BASHC,PoW/PoS,Skein,BashCoin,-0.41080399207809765,1.9521535518468192,-0.22353552986803324,0
DGM,PoW/PoS,X11,DigiMoney,-0.3747332353919861,1.2956426407696398,-0.18373632826122718,0
LIZ,PoW/PoS,Skein,Lizus Payment,-0.41093663338769343,1.9521511151308097,-0.22353294748666871,0
CIF,PoW,X11,Crypto Improvement Fund,-0.20343318727726079,-0.916278385295835,-0.009938284815806822,1
SPD,PoW/PoS,C11,Stipend,-0.34193228153876903,0.9557368165734631,-0.13865889823001687,0
POA,PoA,Proof-of-Authority,Poa Network,-0.5327192124275003,2.830258765687253,-4.216486311305835,0
PUSHI,PoW/PoS,X11,Pushi,-0.37475048092229185,1.2956420464742497,-0.18373594323800996,0
ELP,PoW/PoS,XEVAN,Ellerium,-0.22558381054012847,1.4973328395944199,-0.14295308625408085,0
VLX,PoS,Scrypt,Velox,-0.27828886967015826,0.7977382038629778,-0.08579064373522494,0
ONT,PoS,VBFT,Ontology,-0.32717052652466694,1.300998036211021,-0.09523459892116473,0
CLO,PoW,Ethash,Callisto Network,-0.08128133164596098,-2.1058078597155507,0.11842189519386388,1
TUBE,PoW,CryptoNight,BitTube,0.3106976477328335,-2.3480240134284918,0.13423819239003323,1
PSD,PoW,Scrypt,Poseidon,-0.16144996469051265,-1.0762052971937124,0.011937942706626696,1
MANNA,PoW,SHA-256,Manna,-0.04160422555682626,-1.3407713182476622,0.056082063198430565,1
ADK,PoW,IMesh,Aidos Kuneen,-0.17544486084965197,-2.28457658384438,0.13294398868784155,1
SERA,PoW/PoS,PHI1612,Seraph,-0.3684345799880926,1.401607425421068,-0.12276936984232055,0
CMOS,PoW,Quark,Cosmo,-0.23290150735410362,-0.6086288829505271,0.05448751032564701,1
BSX,PoW/PoS,NIST5,Bitspace,-0.35606026327828616,1.5752072586622603,-0.1821451617161402,0
BRIA,PoW/PoS,Scrypt,Briacoin,-0.3267742505678137,1.13559654664089,-0.1619357864760484,0
IC,PoW/PoS,Scrypt,Ignition,-0.3267552151834141,1.135595779806552,-0.16193595881634684,0
BTL,PoW,Equihash,Bitrolium,-0.16177040763996708,-2.123422843755755,0.18101557201471866,1
MEDIC,PoS,Scrypt,MedicCoin,-0.27243685534667206,0.7976723809642023,-0.08587379872766779,0
ALPS,PoW,Lyra2Z,Alpenschillling,-0.0818593647865333,-1.9164036117642125,0.08172962757557818,1
BITG,PoS,Green Protocol,Bitcoin Green,-0.32409086426696243,1.3185901349053772,-0.06592280728920905,0
DEV,PoS,PoS,Deviant Coin,-0.32707364857953836,1.3765074401758344,-0.13119540688082088,0
ABJ,PoW/PoS,Scrypt,Abjcoin,-0.3264600524028989,1.1355881662427438,-0.16193939057277865,0
RAP,PoW,NeoScrypt,Rapture,-0.18283770412296532,-1.631111536937163,0.06267745243069496,1
SEM,DPoS,Semux BFT consensus,Semux,4.079239690798887,1.8126024488479808,-0.7775370171038043,0
FTO,PoW,X11,FuturoCoin,-0.20866944448436162,-0.9161742691769558,-0.009871908916961884,1
CARE,PoW/PoS,Quark,Carebit,-0.39499846601302463,1.6031375510576304,-0.11943223618514771,0
NZL,PoS,PoS,Zealium,-0.32727023685689116,1.376506356817852,-0.13119202842915478,0
XMC,PoW,CryptoNight,Monero Classic,0.30264332986998466,-2.347603257004835,0.13429401560253937,1
PROTON,PoS,X16R,Proton,-0.3027556378878189,0.5780776628579587,-0.007373020172525721,0
DEAL,PoW/PoS,Scrypt,iDealCash,-0.27114923215356496,1.1338717848133644,-0.16253103506784727,0
JUMP,PoW,NIST5,Jumpcoin,-0.19103089133384796,-0.6365713121274762,-0.008270785407450456,1
INFX,PoW,Lyra2RE,Infinex,-0.13401622510544503,-2.2757013365146443,0.10104932378743338,1
XBI,PoS/PoW,XEVAN,Bitcoin Incognito,-0.0953623673042464,1.0368220818363598,-0.08074616559095807,0
KEC,PoW,Tribus,KEYCO,-0.2221575665801008,-1.2475850733531315,0.08960484552978563,1
HWC,PoS,Scrypt,HollyWoodCoin,-0.2788442094247298,0.7977887840610429,-0.08579062475008052,0
GIN,PoW,Lyra2Z,GINcoin,-0.0842535144994538,-1.9162801644755392,0.08174650919771503,1
PAR,PoS,Scrypt,Parlay,-0.2792595885201604,0.7977716241310027,-0.08578084572195749,0
LTCC,PoW/PoS,Scrypt,Listerclassic Coin,-0.32589285342729635,1.1355508000097156,-0.1619419481149046,0
PLTC,PoW,CryptoNight,PlatinCoin,0.30672928325224386,-2.347876205034922,0.13427626141750776,1
KNG,PoS,X11,BetKings,-0.3274795274512364,0.9578399219874184,-0.10758110088934929,0
COG,PoW/PoS,SHA-256D,Cognitio,-0.3546342031238548,1.992999688063842,-0.25278045468358734,0
LOKI,PoW,CryptoNight Heavy,Loki,0.6192367104762124,-2.279462453257574,0.09315550176602494,1
NCP,PoW,CryptoNight,Newton Coin,2.1852132069355568,-2.4136137184000366,0.11550465978426691,1
MRN,PoW/PoS,Scrypt,Mercoin,-0.32574704168277585,1.1355629388522992,-0.1619464667194997,0
SIC,PoW/PoS,Scrypt,Swisscoin,-0.12165547894196636,1.1354109162447295,-0.16522716121279313,0
REL,PoS,X11,Reliance,-0.32713467338801155,0.957813495474398,-0.10758199743941453,0
XT3,PoS,Scrypt,Xt3ch,-0.2791073460711411,0.7977669108658825,-0.08578247618047562,0
MGD,PoW,Jump Consistent Hash,MassGrid,-0.11321231218471514,-2.227126334311982,0.06492001298854695,1
VIG,PoW/PoS,SHA-256D,TheVig,-0.35353706007128904,1.9929716915867135,-0.25279326472235364,0
PLURA,PoW,CryptoNight,PluraCoin,0.316812637131123,-2.3478132857822533,0.13410166931135126,1
EMAR,PoW/PoS,Scrypt,EmaratCoin,-0.3259125574341723,1.13556861751792,-0.16194479256476177,0
DKD,PoS,X15,Dekado,-0.18816937723040875,1.6354203656102901,-0.09808252399532612,0
LYNX,HPoW,Scrypt,Lynx,2.372237715072755,0.4113735292363284,-0.024981143164147367,0
POSQ,PoS,Quark,Poseidon Quark,-0.34614736850148436,1.2650577590013399,-0.04325369862480245,0
YCE,PoW/PoS,Scrypt,MYCE,-0.3241532133580702,1.1355111527889374,-0.1619631022489009,0
ARO,PoW,SHA-512,Arionum,-0.21074231138543226,-0.8841203782296478,0.06375246013489363,1
BWS,PoS,SHA-256,BitcoinWSpectrum,-0.2621424737131253,0.5367463802572184,-0.04060053716179294,0
MUSE,PoS,DPoS,Muse,1.0574600555473923,1.572569900795215,-0.33604156717640904,0
XMN,PoW,X16R,Motion,-0.1850049377849579,-1.2958913832138057,0.09034532484599225,1
PLUS1,PoW,HMQ1725,PlusOneCoin,-0.14490495780758278,-2.3058159643038545,0.11770325364345509,1
AXE,PoW,X11,Axe,-0.20959351762838105,-0.9161499125308835,-0.00986125749076794,1
GMCN,PoS,Scrypt,GambleCoin,-0.2793089966608887,0.7977801657142662,-0.08578156166789956,0
TRVC,PoW/PoS,X16R,Trivechain,-0.34934264121906733,0.9158886345273164,-0.08354051818499812,0
DTEM,PoS,Quark,Dystem,-0.35073020111511566,1.2653473043766947,-0.04323083870546408,0
GIC,PoW/PoS,Quark,Giant,-0.39814002451521047,1.6031679068391085,-0.11938671147232285,0
PNY,PoS,Scrypt,Peony Coin,-0.1550371196142969,0.7900652633989326,-0.0864257144753267,0
ABS,PoW/PoS,Lyra2REv2,Absolute Coin,-0.35849241179369173,0.7117846106461055,-0.0956380647360234,0
VITAE,PoS,Quark,Vitae,-0.3493964162340236,1.265337066739564,-0.04325063734419957,0
HEX,PoW,Scrypt,HexCoin,-0.16147561657577875,-1.076206967468523,0.011938655028447752,1
DEI,PoW,Scrypt,Deimos,-0.15085383603569136,-1.076536611040282,0.011825042662869606,1
TPC,PoW/PoS,Scrypt,TPCash,-0.319363983251467,1.13514264006314,-0.16197528528218896,0
WEBC,PoW,CryptoNight-V7,Webchain,-0.13057955140278946,-2.2378279496098608,0.10754475270469492,1
RYO,PoW,Cryptonight-GPU,Ryo,-0.1708440114656867,-2.36978440020837,0.24358037920078665,1
URALS,PoW,XEVAN,Urals Coin,-0.059144686055119,-0.7145244914032174,0.03091242752158525,1
QWC,PoW,CryptoNight Heavy,Qwertycoin,3.2463939791178884,-2.3200545501156125,0.05778525632740775,1
BITN,PoW,CryptoNight,Bitcoin Nova,0.3158491957925208,-2.347846486776131,0.1341231790751639,1
ARE,PoS,X11,ARENON,-0.3270332659657205,0.9578219698925247,-0.10758514570965393,0
DACASH,PoW,X11,DACash,-0.20910302849350512,-0.9161536406044387,-0.00986854481150902,1
EUNO,PoW/PoS,X11,EUNO,-0.37420175728846783,1.2956431708293996,-0.18374503598681186,0
MMO,PoS,Scrypt,MMOCoin,-0.2762389281471987,0.7977120955088716,-0.08581923093691625,0
KETAN,PoS,PoS,Ketan,-0.32633384311440383,1.3764461431051953,-0.13119651252435025,0
PPAI,PoW,SHA-256,Project Pai,-0.10350882469165892,-1.3372527367398601,0.0564605621683391,1
XDNA,PoW/PoS,Keccak,XDNA,-0.3599594048534248,0.9428105071857192,-0.15444019423371322,0
PAXEX,PoS,X11,PAXEX,-0.326889504838292,0.957794910805229,-0.10758267084560108,0
AZART,PoW,X11,Azart,-0.20956372924021427,-0.91615173161732,-0.009861417259171175,1
AOP,PoW/PoS,Tribus,Averopay,-0.38715805884443893,0.9642019624049025,-0.08427150192235557,0
TSC,PoW/PoS,Scrypt,ThunderStake,-0.1805669697407109,1.1278318196014188,-0.1629265966659443,0
SPLB,PoW/PoS,NeoScrypt,SimpleBank,-0.34801489391960827,0.5806825706649722,-0.11119728702652541,0
KCASH,Zero-Knowledge Proof,SHA-512,Kcash,-0.37062130711255015,0.8121404669874266,0.018934402281281154,0
XCG,PoW,X16R,Xchange,-0.18440956162044309,-1.2959263017744103,0.09034187601505803,1
AAC,DPOS,ECC 256K1,Acute Angle Cloud,-0.2494987052849516,3.1251666813728964,-6.106209023886851,0
CRYP,PoW,Equihash,CrypticCoin,-0.05320138403754547,-2.1250383425788595,0.17954286455447174,1
BTXC,PoS,XEVAN,Bettex coin,-0.17829829886686785,1.1595263423486144,-0.06679770339355236,0
BRAZ,PoW,HMQ1725,Brazio,-0.14268068400997277,-2.3058716352619593,0.11767709038313179,1
ACM,PoW,Lyra2Z,Actinium,-0.08362680972346669,-1.916310855957757,0.08174180204055123,1
TWISTR,PoS,SHA-512,TWIST,-0.32937891675719166,0.9900801657689128,-0.033992633367283,0
BSV,PoW,SHA-256,Bitcoin SV,-0.14536187259084715,-1.3372160171803946,0.0571323495659666,1
DACH,PoS,Quark,DACH Coin,-0.35051285580726915,1.2653427003961146,-0.0432335436838244,0
AGM,PoW,PHI1612,Argoneum,-0.20288750502061997,-0.8101967005824312,0.051101153859540525,1
BITM,Pos,XEVAN,BitMoney,0.7854736506670619,1.0851586874056496,-0.029334744559503603,0
JMC,PoS,X11,Junson Ming Chan Coin,-0.10845428212353203,0.9653935116517222,-0.11247208154764422,0
FRED,PoW,CryptoNight,FREDEnergy,0.38567179512402905,-2.350477087608909,0.1334586784679338,1
HERB,PoW/PoS,Quark,HerbCoin,-0.3974053747866259,1.603158472069869,-0.11939694255856288,0
BBTC,PoW,Blake,BlakeBitcoin,-0.13723187834218922,-2.257210197104206,0.13576198145148072,1
UMO,PoW,Blake,Universal Molecule,-0.13685380225938648,-2.2572570116590014,0.1357641667067296,1
LIT,PoW,Blake,Lithium,-0.13726118629898634,-2.2572142154695056,0.1357631699687637,1
ELT,PoW,Blake,Electron,-0.0857210913600641,-2.2603999864129336,0.13549355136475447,1
PIRATE,PoS,Equihash,PirateCash,-0.28012194729213297,-0.24948309382802833,0.08331216674426456,1
EXO,PoW,Exosis,Exosis,-0.12557594510152478,-2.1828885262092568,-0.028050648576381332,1
BLTG,PoW,Scrypt,Block-Logic,-0.16032227788659453,-1.0762368652388254,0.01192527183917811,1
OWC,PoW/PoS,Scrypt,Oduwa,-0.32646403989565975,1.1355944314735928,-0.1619404384423046,0
BEAM,PoW,Equihash,Beam,-0.16080299686091884,-2.1235266648167306,0.18101832842896626,1
GALI,PoW/PoS,Quark,Galilel,-0.39788036756243983,1.6031669769798387,-0.11939075459109166,0
BTH,PoW,Equihash,Bithereum,-0.16264742927868006,-2.12342524076726,0.1810302114326922,1
CSPN,PoS,Quark,Crypto Sports,-0.3508520415029431,1.2653485336736925,-0.04322908233406254,0
CREDIT,PoW/PoS,Scrypt,Credit,0.6174682777439121,1.1149249887781794,-0.1735684433476774,0
SCRIBE,PoW,Lyra2REv2,Scribe Network,-0.1935808421177059,-1.5000045646324174,0.07824010378123904,1
SLC,PoW,QuBit,SLICE,-0.13739268932769513,-1.5631921024040716,0.025522986917678153,1
DASHP,PoS,X11,Dash Platinum,-0.32752992942458375,0.9578299670439421,-0.10757851636705498,0
NSD,PoW/PoS,Scrypt,Nasdacoin,-0.32592596876019103,1.1355681553524146,-0.16194449314387996,0
BEET,PoW/PoS,XEVAN,Beetle Coin,-0.21981025817112793,1.4972187829240233,-0.14302640492636357,0
TTN,PoW/PoS,SHA-256D,Titan Coin,-0.30640790038541926,1.9911099183141192,-0.2532264932777715,0
AWR,PoW/PoS,X11,Award,-0.37166880536763575,1.2954672386945845,-0.1837548476162854,0
BLAST,PoW,SHA-256,BLAST,-0.14460782635479774,-1.337220622523108,0.05712094657896194,1
XRC,PoW,X13,Bitcoin Rhodium,-0.11011223775323124,-0.3627461196903163,-0.015005924810700632,1
GLT,PoW,SHA-256,GlobalToken,-0.14342919486654312,-1.3372539919958046,0.05710776992982108,1
INSN,PoW/PoS,X11,Insane Coin,-0.37443835229991823,1.295649245663497,-0.1837422802048442,0
ALX,DPoS,DPoS,ALAX,3.865645524314921,1.8215631246535129,-0.6536035052039613,0
MPT,PoW,Ethash,Media Protocol Token,0.06876040447226585,-2.103127212861315,0.11551419319075637,1
LDOGE,PoW/PoS,Scrypt,LiteDoge,0.1264351661061641,1.1263174882595424,-0.16763325080758842,0
SLR,PoW,Scrypt,SolarCoin,0.5624725007057302,-1.1210321951030426,0.008165164178956394,1
TRK,PoW/PoS,X11,TruckCoin,-0.37187240379160375,1.2957590125379375,-0.1838033571452184,0
UFO,PoW,NeoScrypt,UFO Coin,-0.10483125025390683,-1.6312540490224852,0.061438516116451784,1
OC,PoW/PoS,Scrypt,OrangeCoin,-0.3252872223471491,1.1355076441311538,-0.16194410047534807,0
BLC,PoW,Blake,BlakeCoin,-0.08573128390570738,-2.260400337656576,0.13549377892323763,1
BITS,PoW/PoS,Scrypt,BitstarCoin,-0.32614492762150754,1.135581769786684,-0.1619433619684918,0
NEOS,PoS,SHA-256,NeosCoin,-0.2634074581077428,0.5367591753505192,-0.04058230768290239,0
HYPER,PoW/PoS,Scrypt,HyperCoin,-0.32668445793394935,1.135601775184506,-0.16193817014855297,0
PINK,PoW/PoS,X11,PinkCoin,-0.36571676447715695,1.2956154386151797,-0.1838776269852296,0
CESC,PoW,Scrypt,Crypto Escudo,-0.14434356994418837,-1.0763122618287804,0.011679694648022456,1
ADC,PoW/PoS,Scrypt,AudioCoin,-0.23688358304741444,1.1312266380176172,-0.16261668537854929,0
NKA,PoW/PoS,SHA-256,IncaKoin,-0.08096860969292463,0.8823690527106649,-0.12184642491614402,0
PIGGY,PoW/PoS,X11,Piggy Coin,-0.3612922027390698,1.2954122103121177,-0.18391324883670465,0
CRW,PoW,SHA-256,Crown Coin,-0.14514338998865378,-1.3372234275880532,0.05713012448270594,1
GEN,PoW/PoS,Scrypt,Genstake,-0.32593221591963445,1.1356170270011525,-0.1619530698586569,0
SMLY,PoW,Scrypt,SmileyCoin,0.5839177093804488,-1.0860746044937355,0.0016103113013180173,1
MI,PoW/PoS,Scrypt,XiaoMiCoin,-0.3187069965861529,1.1355921232517119,-0.16206574609276336,0
GRS,PoW,Groestl,Groestlcoin,-0.21068567093901122,-1.27969412385619,0.09476040101860521,1
CPC,PoW/PoS,X11,CapriCoin,-0.3708634982043282,1.2956458080698077,-0.18379960705493295,0
CLUB,PoW/PoS,Scrypt, ClubCoin,-0.32430725780753955,1.1355698707202768,-0.161971031998678,0
RADS,PoS,PoS,Radium,-0.32788621976995985,1.3765356392724326,-0.13118724484405866,0
BTA,PoW,Scrypt,Bata,-0.16155544023484314,-1.0761975494923677,0.01193827640541614,1
PAK,PoW,Scrypt,Pakcoin,-0.1594268657775931,-1.0762501156865534,0.011913112831657165,1
CRB,Proof of Trust,X11,Creditbit ,-0.3095604277334772,0.7166143181374905,-0.231400265876422,0
OK,PoW/PoS,SHA-256,OKCash,-0.30917083263840023,0.8745654827595619,-0.11676232593725294,0
LSK,DPoS,DPoS,Lisk,3.8482406907545084,1.821560977621264,-0.6533210458178197,0
XHI,PoS,Scrypt,HiCoin,-0.07833165296479569,0.7975967771967476,-0.08900621483848177,0
XWC,PoW/PoS,Scrypt,WhiteCoin,-0.3213846543118582,1.1355709894080235,-0.16201859694035187,0
FSC,PoW/PoS,NeoScrypt,FriendshipCoin,-0.34774211970798236,0.5806641062860305,-0.11119842919401536,0
J,PoW,Multiple,JoinCoin,-0.11042593827771423,-1.8748627911123046,0.07167835898629944,1
TRI,PoW/PoS,X13,Triangles Coin,-0.27529042498397255,1.8490493621209059,-0.18888089211595405,0
VOLLAR,PoW,Equihash+Scrypt,Vollar,-0.16690727403280817,-2.287505508349473,0.2841211673418588,1
TCR,PoW,Lyra2Z,TecraCoin,-0.08235065074984377,-1.9163565154573425,0.08172922707020877,1
GEX,PoW/PoS,PHI2,Gexan,-0.38841568561276685,2.0251706950916275,-0.23166305520137942,0
EOS,DPoS,DPoS,EOS,3.8585329066872642,1.8220294227027374,-0.6535710306809956,0
RCC,PoW,Ethash,Reality Clash,-0.13187615687695992,-2.102944689338403,0.11873347693480919,1
OXY,DPoS,DPoS,Oxycoin,3.8598301754266777,1.822074127667896,-0.6535999934658258,0
TCH,PoS,SHA-256,TigerCash,-0.24350536158066055,0.5367485529357684,-0.040902972499627266,0
LAX,PoW/PoS,Lyra2Z,LAPO,0.6290926049532499,0.2546555806617388,-0.09911128544296248,0
WAVES,LPoS,Leased POS,Waves,-0.282503146609635,3.27986481767479,20.772375575629404,3
PART,PoS,PoS,Particl,-0.3278193409797754,1.3765382042460066,-0.13118878419403038,0
SHARD,PoS,Scrypt,ShardCoin,-0.2725746096298068,0.7973830719171864,-0.08582019459944588,0
BTT,DPoS,TRC10,BitTorrent,35.49571948362251,1.782480606250716,-1.3488300525955321,2
ZILLA,DPoW,Equihash,ChainZilla,-0.34521202295380893,-1.646962830278784,0.40428607171142555,1
NXT,PoS/LPoS,PoS,Nxt,-0.2875589720317838,1.4375261995405286,-0.3862839804506059,0
ZEPH,DPoS,SHA-256,ZEPHYR,2.5650452259527623,0.7857414956083948,-0.3584707780361071,0
GAP,PoW/PoS,Scrypt,Gapcoin,-0.3247733639710549,1.1354897818804244,-0.16194925678402508,0
BDX,PoW,CryptoNight,Beldex,0.3251159544234452,-2.3478118668126347,0.1339668464370745,1
ZEN,PoW,Equihash,Horizen,-0.16294776970445302,-2.1234285578015557,0.1810356680093699,1
XBC,PoS,Scrypt,BitcoinPlus,-0.2795200027604866,0.7977832807777454,-0.08577869504674188,0
DVTC,PoW/PoS,Scrypt,DivotyCoin,-0.32579594559706093,1.135561253582533,-0.16194537489210586,0
